updated,headline,location,news_class,company_name,company_symbol,date_modified,date_created
2024-04-19T00:37:30Z,GEREGU POWER PLC DIRECTORS DEALINGS,https://doclib.ngxgroup.com/Financial_NewsDocs/242_Geregu_Power_Plc-_Notification_of_share_dealing_by_an_Insider-Mr._Micheal_Olurotimi_Otedola.pdf,Directors Dealings,GEREGU POWER PLC,GEREGU,2023-02-09T08:50:04Z,2023-02-09T08:50:04Z
2024-04-19T00:37:30Z,GEREGU POWER PLC DIRECTORS DEALINGS,https://doclib.ngxgroup.com/Financial_NewsDocs/242_Geregu_Power_Plc-_Notification_of_Share_dealing_by_an_Insider_-_Mr._Ayokunle_Micheal_Otedola.pdf,Directors Dealings,GEREGU POWER PLC,GEREGU,2023-02-09T08:30:07Z,2023-02-09T08:30:07Z
2024-04-19T00:37:30Z,CUTIX PLC. DIRECTORS DEALINGS,https://doclib.ngxgroup.com/Financial_NewsDocs/48_Cutix_Plc_-_Notice_of_Share_Dealing_By_an_Insider.pdf,Directors Dealings,CUTIX PLC.,CUTIX,2023-02-01T08:00:07Z,2023-02-01T08:00:07Z
2024-04-19T00:37:30Z,UNITED CAPITAL PLC DIRECTORS DEALINGS,https://doclib.ngxgroup.com/Financial_NewsDocs/176_NOTICE_OF_INSIDER_DEALING-_SALE-_CHUKWUDI_CHRISTIAN_NNOROM_30.01.2023.pdf,Directors Dealings,UNITED CAPITAL PLC,UCAP,2023-01-31T17:05:04Z,2023-01-31T17:05:04Z
2024-04-19T00:37:30Z,ECOBANK TRANSNATIONAL INCORPORATED DIRECTORS DEALINGS,https://doclib.ngxgroup.com/Financial_NewsDocs/62_Disclosure_of_Share_Dealing_by_Insider_Dec.pdf,Directors Dealings,ECOBANK TRANSNATIONAL INCORPORATED,ETI,2023-01-18T08:20:05Z,2023-01-18T08:20:05Z
2024-04-19T00:37:30Z,ECOBANK TRANSNATIONAL INCORPORATED DIRECTORS DEALINGS,https://doclib.ngxgroup.com/Financial_NewsDocs/62_Insider_Dealings.pdf,Directors Dealings,ECOBANK TRANSNATIONAL INCORPORATED,ETI,2023-01-13T21:40:05Z,2023-01-13T21:40:05Z
2024-04-19T00:37:30Z,NIGERIAN AVIATION HANDLING COMPANY PLC DIRECTORS DEALINGS,https://doclib.ngxgroup.com/Financial_NewsDocs/114_NAHCO_PLC_-_Notification_of_Share_Dealing_by_Insider_TS__-.pdf,Directors Dealings,NIGERIAN AVIATION HANDLING COMPANY PLC,NAHCO,2023-01-03T20:10:04Z,2023-01-03T20:10:04Z
2024-04-19T00:37:30Z,UNITED BANK FOR AFRICA PLC DIRECTORS DEALINGS,https://doclib.ngxgroup.com/Financial_NewsDocs/175_Notification_Of_Share_Dealing_By_Insider_-_Oliver_Alawuba__.pdf,Directors Dealings,UNITED BANK FOR AFRICA PLC,UBA,2023-01-03T19:00:05Z,2023-01-03T19:00:05Z
2024-04-19T00:37:30Z,LIVINGTRUST MORTGAGE BANK PLC DIRECTORS DEALINGS,"https://doclib.ngxgroup.com/Financial_NewsDocs/205_LivingTrust_-_Dealing_Notification_29_December_2022_-_1,485,000_Units.pdf",Directors Dealings,LIVINGTRUST MORTGAGE BANK PLC,LIVINGTRUST,2023-01-03T16:05:03Z,2023-01-03T16:05:03Z
2024-04-19T00:37:30Z,SOVEREIGN TRUST INSURANCE PLC DIRECTORS DEALINGS,https://doclib.ngxgroup.com/Financial_NewsDocs/158_SOVEREIGN_TRUST_INSURANCE_PLC_Notice_of_Share_Insider_Dealing_for_30th_December_2022.pdf,Directors Dealings,SOVEREIGN TRUST INSURANCE PLC,SOVRENINS,2023-01-03T14:40:03Z,2023-01-03T14:40:03Z
2024-04-19T00:37:30Z,FBN HOLDINGS PLC DIRECTORS DEALINGS,https://doclib.ngxgroup.com/Financial_NewsDocs/65_Notification_of_Insider_Dealing_-_Ini_Ebong_Jan_2023_.pdf,Directors Dealings,FBN HOLDINGS PLC,FBNH,2023-01-03T14:35:03Z,2023-01-03T14:35:03Z
2024-04-19T00:37:30Z,ZENITH BANK PLC DIRECTORS DEALINGS,https://doclib.ngxgroup.com/Financial_NewsDocs/198_ZBPLC_Notification_of_Shares_Dealing_ZSPF_Dec_30_2022.pdf,Directors Dealings,ZENITH BANK PLC,ZENITHBANK,2022-12-31T11:40:04Z,2022-12-31T11:40:04Z
2024-04-19T00:37:30Z,ZENITH BANK PLC DIRECTORS DEALINGS,https://doclib.ngxgroup.com/Financial_NewsDocs/198_ZBPLC_Notification_of_shares_Dealing_ZSPF_DEC_29_2022.pdf,Directors Dealings,ZENITH BANK PLC,ZENITHBANK,2022-12-31T11:30:04Z,2022-12-31T11:30:04Z
2024-04-19T00:37:30Z,STERLING BANK PLC. DIRECTORS DEALINGS,https://doclib.ngxgroup.com/Financial_NewsDocs/163_NOTIFICATION_TO_EXCHANGE_ON_DIRECTORS_SHARES__(ABU_2).pdf,Directors Dealings,STERLING BANK PLC.,STERLNBANK,2022-12-30T14:15:01Z,2022-12-30T14:15:01Z
2024-04-19T00:37:30Z,ZENITH BANK PLC DIRECTORS DEALINGS,https://doclib.ngxgroup.com/Financial_NewsDocs/198_ZBPLC_Notification_of_Share_Dealing_Quantum_Dec_30_2022.pdf,Directors Dealings,ZENITH BANK PLC,ZENITHBANK,2022-12-30T12:40:04Z,2022-12-30T12:40:04Z
2024-04-19T00:37:30Z,ZENITH BANK PLC DIRECTORS DEALINGS,https://doclib.ngxgroup.com/Financial_NewsDocs/198_ZBPLC_Notification_of_Share_Dealing_Quantum_Dec_29_2022.pdf,Directors Dealings,ZENITH BANK PLC,ZENITHBANK,2022-12-30T12:30:02Z,2022-12-30T12:30:02Z
2024-04-19T00:37:30Z,ZENITH BANK PLC DIRECTORS DEALINGS,https://doclib.ngxgroup.com/Financial_NewsDocs/198_ZBPLC_Notification_of_Share_Dealing_ZSPF_Dec_30_2022.pdf,Directors Dealings,ZENITH BANK PLC,ZENITHBANK,2022-12-30T12:20:02Z,2022-12-30T12:20:02Z
2024-04-19T00:37:30Z,ZENITH BANK PLC DIRECTORS DEALINGS,https://doclib.ngxgroup.com/Financial_NewsDocs/198_ZBPLC_Notification_of_Share_Dealing_ZSPF_Dec_29_2022.pdf,Directors Dealings,ZENITH BANK PLC,ZENITHBANK,2022-12-30T12:15:03Z,2022-12-30T12:15:03Z
2024-04-19T00:37:30Z,ZENITH BANK PLC DIRECTORS DEALINGS,https://doclib.ngxgroup.com/Financial_NewsDocs/198_ZBPLC_Notification_of_Share_Dealing_Akin_Ogunranti_Dec_29_2022.pdf,Directors Dealings,ZENITH BANK PLC,ZENITHBANK,2022-12-30T12:05:03Z,2022-12-30T12:05:03Z
2024-04-19T00:37:30Z,ZENITH BANK PLC DIRECTORS DEALINGS,https://doclib.ngxgroup.com/Financial_NewsDocs/198_ZBPLC_Notification_of_Share_Dealing_Temitope_Fasoranti_Dec_29_2022.pdf,Directors Dealings,ZENITH BANK PLC,ZENITHBANK,2022-12-30T11:55:03Z,2022-12-30T11:55:03Z
2024-04-19T00:37:30Z,NIGERIAN AVIATION HANDLING COMPANY PLC DIRECTORS DEALINGS,https://doclib.ngxgroup.com/Financial_NewsDocs/114_NAHCO_PLC_-_Notification_of_Share_Dealing_by_Insider_TS_-.pdf,Directors Dealings,NIGERIAN AVIATION HANDLING COMPANY PLC,NAHCO,2022-12-29T16:50:04Z,2022-12-29T16:50:04Z
2024-04-19T00:37:30Z,ZENITH BANK PLC DIRECTORS DEALINGS,https://doclib.ngxgroup.com/Financial_NewsDocs/198_Tope_Fasoranti_Notification_of_Dealings_by_Insider_Dec_22_2022.pdf,Directors Dealings,ZENITH BANK PLC,ZENITHBANK,2022-12-22T18:05:03Z,2022-12-22T18:05:03Z
2024-04-19T00:37:30Z,ZENITH BANK PLC DIRECTORS DEALINGS,https://doclib.ngxgroup.com/Financial_NewsDocs/198_Umar_ZBPLC_Notification_of_Share_Dealing_Insiders.pdf,Directors Dealings,ZENITH BANK PLC,ZENITHBANK,2022-12-22T16:00:04Z,2022-12-22T16:00:04Z
2024-04-19T00:37:30Z,LIVINGTRUST MORTGAGE BANK PLC DIRECTORS DEALINGS,"https://doclib.ngxgroup.com/Financial_NewsDocs/205_LivingTrust_-_Dealing_Notification_December_22_2022_-_105,000_Units.pdf",Directors Dealings,LIVINGTRUST MORTGAGE BANK PLC,LIVINGTRUST,2022-12-22T12:15:04Z,2022-12-22T12:15:04Z
2024-04-19T00:37:30Z,UNITED CAPITAL PLC DIRECTORS DEALINGS,https://doclib.ngxgroup.com/Financial_NewsDocs/176_NOTICE_OF_INSIDER_DEALING-PURCHASE-LOUIS_AKPOVESO-20.12.2022.pdf,Directors Dealings,UNITED CAPITAL PLC,UCAP,2022-12-21T15:20:04Z,2022-12-21T15:20:04Z
2024-04-19T00:37:30Z,NIGERIAN AVIATION HANDLING COMPANY PLC DIRECTORS DEALINGS,https://doclib.ngxgroup.com/Financial_NewsDocs/114_NAHCO_PLC_-_Notification_of_Share_Dealing_by_Insider_-TS.pdf,Directors Dealings,NIGERIAN AVIATION HANDLING COMPANY PLC,NAHCO,2022-12-20T22:55:05Z,2022-12-20T22:55:05Z
2024-04-19T00:37:30Z,ZENITH BANK PLC DIRECTORS DEALINGS,https://doclib.ngxgroup.com/Financial_NewsDocs/198_ZBPLC_Notification_Share_Dealing_Insider_Mr_Chuks_Okoh.pdf,Directors Dealings,ZENITH BANK PLC,ZENITHBANK,2022-12-20T15:35:04Z,2022-12-20T15:35:04Z
2024-04-19T00:37:30Z,NIGERIAN AVIATION HANDLING COMPANY PLC DIRECTORS DEALINGS,https://doclib.ngxgroup.com/Financial_NewsDocs/114_NAHCO_PLC_-_Notification_of_Share_Dealing_by_Insider_TS-.pdf,Directors Dealings,NIGERIAN AVIATION HANDLING COMPANY PLC,NAHCO,2022-12-19T19:45:06Z,2022-12-19T19:45:06Z
2024-04-19T00:37:30Z,ZENITH BANK PLC DIRECTORS DEALINGS,https://doclib.ngxgroup.com/Financial_NewsDocs/198_ZBPLC_Notification_of_Shares_by_Insider_ZSPF_Dec19_2022.pdf,Directors Dealings,ZENITH BANK PLC,ZENITHBANK,2022-12-19T16:55:05Z,2022-12-19T16:55:05Z
2024-04-19T00:37:30Z,NIGERIAN EXCHANGE GROUP PLC DIRECTORS DEALINGS,https://doclib.ngxgroup.com/Financial_NewsDocs/236_Share_Dealing_Notification_-Woodland_Asset_Mgt_Ltd_No._6.pdf,Directors Dealings,NIGERIAN EXCHANGE GROUP PLC,NGXGROUP,2022-12-19T15:45:06Z,2022-12-19T15:45:06Z
2024-04-19T00:37:30Z,NIGERIAN EXCHANGE GROUP PLC DIRECTORS DEALINGS,https://doclib.ngxgroup.com/Financial_NewsDocs/236_Share_Dealing_Notification_-Woodland_Asset_Mgt_Ltd_No._5.pdf,Directors Dealings,NIGERIAN EXCHANGE GROUP PLC,NGXGROUP,2022-12-16T19:55:04Z,2022-12-16T19:55:04Z
2024-04-19T00:37:30Z,NPF MICROFINANCE BANK PLC DIRECTORS DEALINGS,https://doclib.ngxgroup.com/Financial_NewsDocs/129_Share_Dealing.pdf,Directors Dealings,NPF MICROFINANCE BANK PLC,NPFMCRFBK,2022-12-16T18:55:04Z,2022-12-16T18:55:04Z
2024-04-19T00:37:30Z,NIGERIAN AVIATION HANDLING COMPANY PLC DIRECTORS DEALINGS,https://doclib.ngxgroup.com/Financial_NewsDocs/114_NAHCO_PLC_-_Notification_of_Share_Dealing_by_Insider-_T_S.pdf,Directors Dealings,NIGERIAN AVIATION HANDLING COMPANY PLC,NAHCO,2022-12-16T10:55:03Z,2022-12-16T10:55:03Z
2024-04-19T00:37:30Z,STERLING BANK PLC. DIRECTORS DEALINGS,https://doclib.ngxgroup.com/Financial_NewsDocs/163_NGX_NOTIFICATION-_YEMI_ODUBIYI1412SIGNED.pdf,Directors Dealings,STERLING BANK PLC.,STERLNBANK,2022-12-14T16:20:04Z,2022-12-14T16:20:04Z
2024-04-19T00:37:30Z,STERLING BANK PLC. DIRECTORS DEALINGS,https://doclib.ngxgroup.com/Financial_NewsDocs/163_NGX_NOTIFICATION-_ABU_SULEIMAN1412signed.pdf,Directors Dealings,STERLING BANK PLC.,STERLNBANK,2022-12-14T16:15:04Z,2022-12-14T16:15:04Z
2024-04-19T00:37:30Z,STERLING BANK PLC. DIRECTORS DEALINGS,https://doclib.ngxgroup.com/Financial_NewsDocs/163_NOTIFICATION_OF_INSIDER_DEALING-_YEMI_ODUBIYI_DEC_2022.pdf,Directors Dealings,STERLING BANK PLC.,STERLNBANK,2022-12-13T14:00:04Z,2022-12-13T14:00:04Z
2024-04-19T00:37:30Z,STERLING BANK PLC. DIRECTORS DEALINGS,https://doclib.ngxgroup.com/Financial_NewsDocs/163_Notification_of_dealing_-Abu_SuleimanF.pdf,Directors Dealings,STERLING BANK PLC.,STERLNBANK,2022-12-12T20:05:04Z,2022-12-12T20:05:04Z
2024-04-19T00:37:30Z,ZENITH BANK PLC DIRECTORS DEALINGS,https://doclib.ngxgroup.com/Financial_NewsDocs/198_ZBPLC_Notification_Shares_Dealings_Insiders_ZSPF_Dec_9_2022.pdf,Directors Dealings,ZENITH BANK PLC,ZENITHBANK,2022-12-09T16:50:04Z,2022-12-09T16:50:04Z
2024-04-19T00:37:30Z,UNITED CAPITAL PLC DIRECTORS DEALINGS,https://doclib.ngxgroup.com/Financial_NewsDocs/176_NOTICE_OF_INSIDER_DEALING-_SALE-_STEPHEN_ALABI_05.12.2022.pdf,Directors Dealings,UNITED CAPITAL PLC,UCAP,2022-12-09T11:45:03Z,2022-12-09T11:45:03Z
2024-04-19T00:37:30Z,ZENITH BANK PLC DIRECTORS DEALINGS,https://doclib.ngxgroup.com/Financial_NewsDocs/198_ZBPLC_Notification_of_Shares_Dealing_Insider_ZSPF_Dec_8.pdf,Directors Dealings,ZENITH BANK PLC,ZENITHBANK,2022-12-08T13:25:04Z,2022-12-08T13:25:04Z
2024-04-19T00:37:30Z,CUTIX PLC. DIRECTORS DEALINGS,https://doclib.ngxgroup.com/Financial_NewsDocs/48_Cutix_Plc_-_Notification_of_Share_Dealing_by_an_Insider.pdf,Directors Dealings,CUTIX PLC.,CUTIX,2022-12-06T11:40:04Z,2022-12-06T11:40:04Z
2024-04-19T00:37:30Z,CUTIX PLC. DIRECTORS DEALINGS,https://doclib.ngxgroup.com/Financial_NewsDocs/48_Cutix_Plc_-_Notice_of_Share_Dealing_By_an_Insider.pdf,Directors Dealings,CUTIX PLC.,CUTIX,2022-12-06T10:25:05Z,2022-12-06T10:25:05Z
2024-04-19T00:37:30Z,NIGERIAN EXCHANGE GROUP PLC DIRECTORS DEALINGS,https://doclib.ngxgroup.com/Financial_NewsDocs/236_Share_Dealing_Notification_-_Equity_Capital_2.pdf,Directors Dealings,NIGERIAN EXCHANGE GROUP PLC,NGXGROUP,2022-12-05T14:10:05Z,2022-12-05T14:10:05Z
2024-04-19T00:37:30Z,UNITED CAPITAL PLC DIRECTORS DEALINGS,https://doclib.ngxgroup.com/Financial_NewsDocs/176_NOTICE_OF_INSIDER_DEALING-_SALE-_UCHECHUKWU_AND_CHIDINMA_NNOROM_02.12.2022.pdf,Directors Dealings,UNITED CAPITAL PLC,UCAP,2022-12-02T15:40:04Z,2022-12-02T15:40:04Z
2024-04-19T00:37:30Z,UNITY BANK PLC DIRECTORS DEALINGS,https://doclib.ngxgroup.com/Financial_NewsDocs/185_Unity_Bank_Plc_-_Notification_to_NGX_on_Share_Dealing_by_Insiders.pdf,Directors Dealings,UNITY BANK PLC,UNITYBNK,2022-12-02T15:25:04Z,2022-12-02T15:25:04Z
2024-04-19T00:37:30Z,ZENITH BANK PLC DIRECTORS DEALINGS,https://doclib.ngxgroup.com/Financial_NewsDocs/198_ZBPLC_Notification_Shares_Dealing_by_Insiders_ZSPF_Dec_2.pdf,Directors Dealings,ZENITH BANK PLC,ZENITHBANK,2022-12-02T11:20:04Z,2022-12-02T11:20:04Z
2024-04-19T00:37:30Z,STANBIC IBTC  HOLDINGS PLC DIRECTORS DEALINGS,https://doclib.ngxgroup.com/Financial_NewsDocs/160_Notification_of_Insider_Dealing_01_December_2022_Stanbic_Africa_Holdings_Limited.pdf,Directors Dealings,STANBIC IBTC  HOLDINGS PLC,STANBIC,2022-12-01T09:20:03Z,2022-12-01T09:20:03Z
2024-04-19T00:37:30Z,UNITED CAPITAL PLC DIRECTORS DEALINGS,https://doclib.ngxgroup.com/Financial_NewsDocs/176_NOTICE_OF_INSIDER_DEALING-_PURCHASE-_SANUSI_SAMIR_25.11.2022.pdf,Directors Dealings,UNITED CAPITAL PLC,UCAP,2022-11-30T11:10:03Z,2022-11-30T11:10:03Z
2024-04-19T00:37:30Z,ZENITH BANK PLC DIRECTORS DEALINGS,https://doclib.ngxgroup.com/Financial_NewsDocs/198_ZBPLC_Notification_Share_Purchase_Insider_ZSPF.pdf,Directors Dealings,ZENITH BANK PLC,ZENITHBANK,2022-11-29T17:00:04Z,2022-11-29T17:00:04Z
2024-04-19T00:37:30Z,SOVEREIGN TRUST INSURANCE PLC DIRECTORS DEALINGS,https://doclib.ngxgroup.com/Financial_NewsDocs/158_SOVEREIGN_TRUST_INSURANCE_PLC_Notice_of_Share_Insider_Dealings_12.pdf,Directors Dealings,SOVEREIGN TRUST INSURANCE PLC,SOVRENINS,2022-11-29T05:45:11Z,2022-11-29T05:45:11Z
2024-04-19T00:37:30Z,SOVEREIGN TRUST INSURANCE PLC DIRECTORS DEALINGS,https://doclib.ngxgroup.com/Financial_NewsDocs/158_SOVEREIGN_TRUST_INSURANCE_PLC________notice_of_Share_Insider_Dealings.pdf,Directors Dealings,SOVEREIGN TRUST INSURANCE PLC,SOVRENINS,2022-11-29T05:45:07Z,2022-11-29T05:45:07Z
2024-04-19T00:37:30Z,STANBIC IBTC  HOLDINGS PLC DIRECTORS DEALINGS,https://doclib.ngxgroup.com/Financial_NewsDocs/160_Notification_of_Insider_Dealing_-25_November_2022_-_Mr_Ballama_Manu.pdf,Directors Dealings,STANBIC IBTC  HOLDINGS PLC,STANBIC,2022-11-25T16:40:05Z,2022-11-25T16:40:05Z
2024-04-19T00:37:30Z,ZENITH BANK PLC DIRECTORS DEALINGS,https://doclib.ngxgroup.com/Financial_NewsDocs/198_ZBPLC_Notification_Dealing_Insiders_ZSPF.pdf,Directors Dealings,ZENITH BANK PLC,ZENITHBANK,2022-11-25T16:25:04Z,2022-11-25T16:25:04Z
2024-04-19T00:37:30Z,ZENITH BANK PLC DIRECTORS DEALINGS,https://doclib.ngxgroup.com/Financial_NewsDocs/198_Notification_Shares_Dealings_Insider_Quantum_Nov25.pdf,Directors Dealings,ZENITH BANK PLC,ZENITHBANK,2022-11-25T16:20:06Z,2022-11-25T16:20:06Z
2024-04-19T00:37:30Z,NIGERIAN EXCHANGE GROUP PLC DIRECTORS DEALINGS,https://doclib.ngxgroup.com/Financial_NewsDocs/236_Share_Dealing_Notification_-Woodland_Asset_Mgt_Ltd_No._4.pdf,Directors Dealings,NIGERIAN EXCHANGE GROUP PLC,NGXGROUP,2022-11-24T12:35:05Z,2022-11-24T12:35:05Z
2024-04-19T00:37:30Z,SOVEREIGN TRUST INSURANCE PLC DIRECTORS DEALINGS,https://doclib.ngxgroup.com/Financial_NewsDocs/158_SOVEREIGN_TRUST_INSURANCE_PLC_Notice_of_Share_Insider_Dealing.pdf,Directors Dealings,SOVEREIGN TRUST INSURANCE PLC,SOVRENINS,2022-11-23T18:10:07Z,2022-11-23T18:10:07Z
2024-04-19T00:37:30Z,LIVINGTRUST MORTGAGE BANK PLC DIRECTORS DEALINGS,"https://doclib.ngxgroup.com/Financial_NewsDocs/205_LivingTrust_-_Dealing_Notification_November_23_2022_-_30,100,000_Units.pdf",Directors Dealings,LIVINGTRUST MORTGAGE BANK PLC,LIVINGTRUST,2022-11-23T14:55:04Z,2022-11-23T14:55:04Z
2024-04-19T00:37:30Z,LIVINGTRUST MORTGAGE BANK PLC DIRECTORS DEALINGS,"https://doclib.ngxgroup.com/Financial_NewsDocs/205_LivingTrust_-_Dealing_Notification_November_18_2022_-_4,000,000_Units.pdf",Directors Dealings,LIVINGTRUST MORTGAGE BANK PLC,LIVINGTRUST,2022-11-21T16:35:04Z,2022-11-21T16:35:04Z
2024-04-19T00:37:30Z,SOVEREIGN TRUST INSURANCE PLC DIRECTORS DEALINGS,https://doclib.ngxgroup.com/Financial_NewsDocs/158_SOVEREIGN_TRUST_INSURANCE_PLC_NOTICE_OF_SHARE_INSIDER_DEALINGS.pdf,Directors Dealings,SOVEREIGN TRUST INSURANCE PLC,SOVRENINS,2022-11-21T12:35:05Z,2022-11-21T12:35:05Z
2024-04-19T00:37:30Z,UNITED CAPITAL PLC DIRECTORS DEALINGS,https://doclib.ngxgroup.com/Financial_NewsDocs/176_NOTICE_OF_INSIDER_DEALING-_PURCHASE-_YETUNDE_OKE__16.11.2022.pdf,Directors Dealings,UNITED CAPITAL PLC,UCAP,2022-11-17T13:10:04Z,2022-11-17T13:10:04Z
2024-04-19T00:37:30Z,SOVEREIGN TRUST INSURANCE PLC DIRECTORS DEALINGS,https://doclib.ngxgroup.com/Financial_NewsDocs/158_Notice_of_Insider_Share_Dealings_For_STI_PLC.pdf,Directors Dealings,SOVEREIGN TRUST INSURANCE PLC,SOVRENINS,2022-11-16T10:30:07Z,2022-11-16T10:30:07Z
2024-04-19T00:37:30Z,ACCESS HOLDINGS PLC DIRECTORS DEALINGS,https://doclib.ngxgroup.com/Financial_NewsDocs/239_NOTIFICATION_OF_SHARE_DEALING_BY_INSIDERS-TENGEN_HOLDINGS_MAURITIUS_LTD.pdf,Directors Dealings,ACCESS HOLDINGS PLC,ACCESSCORP,2022-11-15T14:10:03Z,2022-11-15T14:10:03Z
2024-04-19T00:37:30Z,UNITED CAPITAL PLC DIRECTORS DEALINGS,https://doclib.ngxgroup.com/Financial_NewsDocs/176_NOTICE_OF_INSIDER_DEALING-_SALE-_SIMILEOLUWA_OWOTOMO_AKINGBOLA__14.11.2022.pdf,Directors Dealings,UNITED CAPITAL PLC,UCAP,2022-11-15T09:40:04Z,2022-11-15T09:40:04Z
2024-04-19T00:37:30Z,ACCESS HOLDINGS PLC DIRECTORS DEALINGS,https://doclib.ngxgroup.com/Financial_NewsDocs/239_NOTIFICATION_OF_SHARE_DEALING_BY_INSIDERS-TENGEN_HOLDINGS_MAURITIUS_LTD.pdf,Directors Dealings,ACCESS HOLDINGS PLC,ACCESSCORP,2022-11-14T09:40:04Z,2022-11-14T09:40:04Z
2024-04-19T00:37:30Z,NPF MICROFINANCE BANK PLC DIRECTORS DEALINGS,https://doclib.ngxgroup.com/Financial_NewsDocs/129_Sale_of_Shares.pdf,Directors Dealings,NPF MICROFINANCE BANK PLC,NPFMCRFBK,2022-11-12T08:50:08Z,2022-11-12T08:50:08Z
2024-04-19T00:37:30Z,ACCESS HOLDINGS PLC DIRECTORS DEALINGS,https://doclib.ngxgroup.com/Financial_NewsDocs/239_NOTIFICATION_OF_INSIDER_DEALING-TENGEN_HOLDINGS_MAURITIUS_LTD.pdf,Directors Dealings,ACCESS HOLDINGS PLC,ACCESSCORP,2022-11-11T15:35:05Z,2022-11-11T15:35:05Z
2024-04-19T00:37:30Z,ZENITH BANK PLC DIRECTORS DEALINGS,https://doclib.ngxgroup.com/Financial_NewsDocs/198_ZBPLC_Notification_Share_Dealing_by_Insiders_ZSPF_Nov9_2022.pdf,Directors Dealings,ZENITH BANK PLC,ZENITHBANK,2022-11-11T13:20:03Z,2022-11-11T13:20:03Z
2024-04-19T00:37:30Z,ZENITH BANK PLC DIRECTORS DEALINGS,https://doclib.ngxgroup.com/Financial_NewsDocs/198_ZBPLC_Notification_of_Share_Dealings_by_Insiders_ZSPF_Nov8_2022.pdf,Directors Dealings,ZENITH BANK PLC,ZENITHBANK,2022-11-11T13:15:05Z,2022-11-11T13:15:05Z
2024-04-19T00:37:30Z,NIGERIAN AVIATION HANDLING COMPANY PLC DIRECTORS DEALINGS,https://doclib.ngxgroup.com/Financial_NewsDocs/114_NAHCO_PLC_-_Notification_of_Share_Dealing_by_Insider-S_L.pdf,Directors Dealings,NIGERIAN AVIATION HANDLING COMPANY PLC,NAHCO,2022-11-11T08:50:06Z,2022-11-11T08:50:06Z
2024-04-19T00:37:30Z,ACCESS HOLDINGS PLC DIRECTORS DEALINGS,https://doclib.ngxgroup.com/Financial_NewsDocs/239_NOTIFICATION_OF_SHARE_DEALING_BY_INSIDERS.pdf,Directors Dealings,ACCESS HOLDINGS PLC,ACCESSCORP,2022-11-09T17:00:04Z,2022-11-09T17:00:04Z
2024-04-19T00:37:30Z,UNITED CAPITAL PLC DIRECTORS DEALINGS,https://doclib.ngxgroup.com/Financial_NewsDocs/176_NOTICE_OF_INSIDER_DEALING-_SALE-_TOLU_OGUNTOYE_08_11_2022.pdf,Directors Dealings,UNITED CAPITAL PLC,UCAP,2022-11-09T14:40:04Z,2022-11-09T14:40:04Z
2024-04-19T00:37:30Z,ZENITH BANK PLC DIRECTORS DEALINGS,https://doclib.ngxgroup.com/Financial_NewsDocs/198_ZBPLC_Notification_of_Share_Dealing_by_Insiders_Zenith_Nominees_Ltd.pdf,Directors Dealings,ZENITH BANK PLC,ZENITHBANK,2022-11-08T16:50:04Z,2022-11-08T16:50:04Z
2024-04-19T00:37:30Z,NIGERIAN AVIATION HANDLING COMPANY PLC DIRECTORS DEALINGS,https://doclib.ngxgroup.com/Financial_NewsDocs/114_NAHCO_PLC_-_Notification_of_Share_Dealing_by_Insider-_SL.pdf,Directors Dealings,NIGERIAN AVIATION HANDLING COMPANY PLC,NAHCO,2022-11-08T09:41:06Z,2022-11-08T09:41:06Z
2024-04-19T00:37:30Z,ZENITH BANK PLC DIRECTORS DEALINGS,https://doclib.ngxgroup.com/Financial_NewsDocs/198_ZBPLC_Notification_Share_Dealing_by_Insiders_Akin_Ogunranti.pdf,Directors Dealings,ZENITH BANK PLC,ZENITHBANK,2022-11-07T17:45:04Z,2022-11-07T17:45:04Z
2024-04-19T00:37:30Z,ZENITH BANK PLC DIRECTORS DEALINGS,https://doclib.ngxgroup.com/Financial_NewsDocs/198_ZBPLC_Notification_Share_Dealing_by_Insiders_ZSPF_Nov_7_2022_2.pdf,Directors Dealings,ZENITH BANK PLC,ZENITHBANK,2022-11-07T17:40:05Z,2022-11-07T17:40:05Z
2024-04-19T00:37:30Z,ZENITH BANK PLC DIRECTORS DEALINGS,https://doclib.ngxgroup.com/Financial_NewsDocs/198_ZBPLC_Notification_Share_Dealing_by_Insiders_ZSPF_Nov_7_2022_1.pdf,Directors Dealings,ZENITH BANK PLC,ZENITHBANK,2022-11-07T17:35:05Z,2022-11-07T17:35:05Z
2024-04-19T00:37:30Z,ACCESS HOLDINGS PLC DIRECTORS DEALINGS,https://doclib.ngxgroup.com/Financial_NewsDocs/239_NOTIFICATION_OF_SHAREDEALING_BY_INSIDERS.pdf,Directors Dealings,ACCESS HOLDINGS PLC,ACCESSCORP,2022-11-07T16:50:04Z,2022-11-07T16:50:04Z
2024-04-19T00:37:30Z,PHARMA-DEKO PLC. DIRECTORS DEALINGS,https://doclib.ngxgroup.com/Financial_NewsDocs/136_Notification_of_Insider_Dealing.pdf,Directors Dealings,PHARMA-DEKO PLC.,PHARMA-DEKO,2022-11-07T11:35:04Z,2022-11-07T11:35:04Z
2024-04-19T00:37:30Z,NIGERIAN EXCHANGE GROUP PLC DIRECTORS DEALINGS,https://doclib.ngxgroup.com/Financial_NewsDocs/236_Share_Dealing_Notification_-Woodland_Asset_Mgt_Ltd_No._3.pdf,Directors Dealings,NIGERIAN EXCHANGE GROUP PLC,NGXGROUP,2022-11-07T09:30:06Z,2022-11-07T09:30:06Z
2024-04-19T00:37:30Z,ACCESS HOLDINGS PLC DIRECTORS DEALINGS,https://doclib.ngxgroup.com/Financial_NewsDocs/239_Notification_of_Share_Dealing_by_Insiders.pdf,Directors Dealings,ACCESS HOLDINGS PLC,ACCESSCORP,2022-11-04T18:30:04Z,2022-11-04T18:30:04Z
2024-04-19T00:37:30Z,ZENITH BANK PLC DIRECTORS DEALINGS,https://doclib.ngxgroup.com/Financial_NewsDocs/198_ZBPLC_Notification_Shares_Dealing_by_Insiders.pdf,Directors Dealings,ZENITH BANK PLC,ZENITHBANK,2022-11-04T09:00:04Z,2022-11-04T09:00:04Z
2024-04-19T00:37:30Z,NIGERIAN AVIATION HANDLING COMPANY PLC DIRECTORS DEALINGS,https://doclib.ngxgroup.com/Financial_NewsDocs/114_NAHCO_PLC_-_Notification_of_Share_Dealing_by_Insider_T_S.pdf,Directors Dealings,NIGERIAN AVIATION HANDLING COMPANY PLC,NAHCO,2022-11-03T11:25:04Z,2022-11-03T11:25:04Z
2024-04-19T00:37:30Z,UNITED CAPITAL PLC DIRECTORS DEALINGS,https://doclib.ngxgroup.com/Financial_NewsDocs/176_NOTICE_OF_INSIDER_DEALING-_SALE-_TOLU_OGUNTOYE_31_10_2022.pdf,Directors Dealings,UNITED CAPITAL PLC,UCAP,2022-11-03T07:50:07Z,2022-11-03T07:50:07Z
2024-04-19T00:37:30Z,ZENITH BANK PLC DIRECTORS DEALINGS,https://doclib.ngxgroup.com/Financial_NewsDocs/198_ZBPLC_Announcement_Share_Dealing_by_Insiders_ZSPF_Nov2_2022.pdf,Directors Dealings,ZENITH BANK PLC,ZENITHBANK,2022-11-02T15:20:04Z,2022-11-02T15:20:04Z
2024-04-19T00:37:30Z,ZENITH BANK PLC DIRECTORS DEALINGS,https://doclib.ngxgroup.com/Financial_NewsDocs/198_ZBPLC_Notification_Shares_Dealing_by_Insiders_ZSPF_October_31.pdf,Directors Dealings,ZENITH BANK PLC,ZENITHBANK,2022-10-31T17:45:05Z,2022-10-31T17:45:05Z
2024-04-19T00:37:30Z,ZENITH BANK PLC DIRECTORS DEALINGS,https://doclib.ngxgroup.com/Financial_NewsDocs/198_ZBPLC_Notification_Shares_Dealing_by_Insiders_DEO_October_31_2022.pdf,Directors Dealings,ZENITH BANK PLC,ZENITHBANK,2022-10-31T17:40:04Z,2022-10-31T17:40:04Z
2024-04-19T00:37:30Z,UNITED CAPITAL PLC DIRECTORS DEALINGS,https://doclib.ngxgroup.com/Financial_NewsDocs/176_NOTICE_OF_INSIDER_DEALING-_PURCHASE-_STEPHEN_ALABI_28_10_2022.pdf,Directors Dealings,UNITED CAPITAL PLC,UCAP,2022-10-28T17:20:09Z,2022-10-28T17:20:09Z
2024-04-19T00:37:30Z,UNITED BANK FOR AFRICA PLC DIRECTORS DEALINGS,https://doclib.ngxgroup.com/Financial_NewsDocs/175_NOTIFICATION_OF_SHARE_DEALING_BY_INSIDER_-_Elumelu_Awele_.pdf,Directors Dealings,UNITED BANK FOR AFRICA PLC,UBA,2022-10-27T18:05:08Z,2022-10-27T18:05:08Z
2024-04-19T00:37:30Z,UNITED BANK FOR AFRICA PLC DIRECTORS DEALINGS,https://doclib.ngxgroup.com/Financial_NewsDocs/175_NOTIFICATION_OF_SHARE_DEALING_BY_INSIDER_-_Elumelu_Onyinye_.pdf,Directors Dealings,UNITED BANK FOR AFRICA PLC,UBA,2022-10-27T18:05:04Z,2022-10-27T18:05:04Z
2024-04-19T00:37:30Z,UNITED BANK FOR AFRICA PLC DIRECTORS DEALINGS,https://doclib.ngxgroup.com/Financial_NewsDocs/175_NOTIFICATION_OF_SHARE_DEALING_BY_INSIDER_-_Elumelu_Ogochukwu_.pdf,Directors Dealings,UNITED BANK FOR AFRICA PLC,UBA,2022-10-27T17:55:07Z,2022-10-27T17:55:07Z
2024-04-19T00:37:30Z,UNITED BANK FOR AFRICA PLC DIRECTORS DEALINGS,https://doclib.ngxgroup.com/Financial_NewsDocs/175_NOTIFICATION_OF_SHARE_DEALING_BY_INSIDER_-_Elumelu_Ogechukwu.pdf,Directors Dealings,UNITED BANK FOR AFRICA PLC,UBA,2022-10-27T17:55:03Z,2022-10-27T17:55:03Z
2024-04-19T00:37:30Z,UNITED BANK FOR AFRICA PLC DIRECTORS DEALINGS,https://doclib.ngxgroup.com/Financial_NewsDocs/175_NOTIFICATION_OF_SHARE_DEALING_BY_INSIDER_-_Elumelu_Nneka.pdf,Directors Dealings,UNITED BANK FOR AFRICA PLC,UBA,2022-10-27T17:50:04Z,2022-10-27T17:50:04Z
2024-04-19T00:37:30Z,UNITED BANK FOR AFRICA PLC DIRECTORS DEALINGS,https://doclib.ngxgroup.com/Financial_NewsDocs/175_NOTIFICATION_OF_SHARE_DEALING_BY_INSIDER_-_Elumelu_Ugochukwu.pdf,Directors Dealings,UNITED BANK FOR AFRICA PLC,UBA,2022-10-27T17:45:04Z,2022-10-27T17:45:04Z
2024-04-19T00:37:30Z,UNITED BANK FOR AFRICA PLC DIRECTORS DEALINGS,https://doclib.ngxgroup.com/Financial_NewsDocs/175_NOTIFICATION_OF_SHARE_DEALING_BY_INSIDER_-_Elumelu_Onyemaechi_.pdf,Directors Dealings,UNITED BANK FOR AFRICA PLC,UBA,2022-10-27T17:40:04Z,2022-10-27T17:40:04Z
2024-04-19T00:37:30Z,UNITED BANK FOR AFRICA PLC DIRECTORS DEALINGS,https://doclib.ngxgroup.com/Financial_NewsDocs/175_NOTIFICATION_OF_SHARE_DEALING_BY_INSIDER_-_Elumelu_Onyekachukwu.pdf,Directors Dealings,UNITED BANK FOR AFRICA PLC,UBA,2022-10-27T17:30:05Z,2022-10-27T17:30:05Z
2024-04-19T00:37:30Z,UNITED CAPITAL PLC DIRECTORS DEALINGS,https://doclib.ngxgroup.com/Financial_NewsDocs/176_NOTICE_OF_INSIDER_DEALING-_PURCHASE-_STEPHEN_ALABI_27_10_2022.pdf,Directors Dealings,UNITED CAPITAL PLC,UCAP,2022-10-27T16:06:03Z,2022-10-27T16:06:03Z
2024-04-19T00:37:30Z,UNITED CAPITAL PLC DIRECTORS DEALINGS,https://doclib.ngxgroup.com/Financial_NewsDocs/176_NOTICE_OF_INSIDER_DEALING-_PURCHASE-_STEPHEN_ALABI_26_10_2022.pdf,Directors Dealings,UNITED CAPITAL PLC,UCAP,2022-10-27T16:00:08Z,2022-10-27T16:00:08Z
2024-04-19T00:37:30Z,UNITED CAPITAL PLC DIRECTORS DEALINGS,https://doclib.ngxgroup.com/Financial_NewsDocs/176_NOTICE_OF_INSIDER_DEALING-_PURCHASE-_IFEOMA_ISIUWE_26_10_2022_.pdf,Directors Dealings,UNITED CAPITAL PLC,UCAP,2022-10-27T16:00:04Z,2022-10-27T16:00:04Z
2024-04-19T00:37:30Z,LIVINGTRUST MORTGAGE BANK PLC DIRECTORS DEALINGS,"https://doclib.ngxgroup.com/Financial_NewsDocs/205_LivingTrust_-_Dealing_Notification_October_27_2022_-_2,606,500_Units.pdf",Directors Dealings,LIVINGTRUST MORTGAGE BANK PLC,LIVINGTRUST,2022-10-27T15:11:04Z,2022-10-27T15:11:04Z
2024-04-19T00:37:30Z,LIVINGTRUST MORTGAGE BANK PLC DIRECTORS DEALINGS,"https://doclib.ngxgroup.com/Financial_NewsDocs/205_LivingTrust_-_Dealing_Notification_October_21_2022_-_510,000_Units.pdf",Directors Dealings,LIVINGTRUST MORTGAGE BANK PLC,LIVINGTRUST,2022-10-22T12:35:07Z,2022-10-22T12:35:07Z
2024-04-19T00:37:30Z,CUTIX PLC. DIRECTORS DEALINGS,https://doclib.ngxgroup.com/Financial_NewsDocs/48_Cutix_Plc_-_Notification_of_Share_Dealing_by_an_Insider.pdf,Directors Dealings,CUTIX PLC.,CUTIX,2022-10-21T07:25:06Z,2022-10-21T07:25:06Z
2024-04-19T00:37:30Z,UNITED CAPITAL PLC DIRECTORS DEALINGS,https://doclib.ngxgroup.com/Financial_NewsDocs/176_NOTICE_OF_INSIDER_DEALING-_PURCHASE-_IBRAHIM_BOLAJI_19.10._2022.pdf,Directors Dealings,UNITED CAPITAL PLC,UCAP,2022-10-20T10:20:07Z,2022-10-20T10:20:07Z
2024-04-19T00:37:30Z,UNITED CAPITAL PLC DIRECTORS DEALINGS,https://doclib.ngxgroup.com/Financial_NewsDocs/176_NOTICE_OF_INSIDER_DEALING-_PURCHASE-RICHARD_AKINDELE_18_10_2022.pdf,Directors Dealings,UNITED CAPITAL PLC,UCAP,2022-10-19T14:45:04Z,2022-10-19T14:45:04Z
2024-04-19T00:37:30Z,NIGERIAN EXCHANGE GROUP PLC DIRECTORS DEALINGS,https://doclib.ngxgroup.com/Financial_NewsDocs/236_Share_Dealing_Notification_-_Miri_capital_3.pdf,Directors Dealings,NIGERIAN EXCHANGE GROUP PLC,NGXGROUP,2022-10-17T15:10:05Z,2022-10-17T15:10:05Z
2024-04-19T00:37:30Z,CUTIX PLC. DIRECTORS DEALINGS,https://doclib.ngxgroup.com/Financial_NewsDocs/48_Cutix_Plc_-_Notification_of_Share_Dealing_by_an_Insider.pdf,Directors Dealings,CUTIX PLC.,CUTIX,2022-10-13T10:10:09Z,2022-10-13T10:10:09Z
2024-04-19T00:37:30Z,CUTIX PLC. DIRECTORS DEALINGS,https://doclib.ngxgroup.com/Financial_NewsDocs/48_Cutix_Plc_-_Notification_of_Share_Dealing_by_an_Insider.pdf,Directors Dealings,CUTIX PLC.,CUTIX,2022-10-12T10:55:04Z,2022-10-12T10:55:04Z
2024-04-19T00:37:30Z,NIGERIAN EXCHANGE GROUP PLC DIRECTORS DEALINGS,https://doclib.ngxgroup.com/Financial_NewsDocs/236_Share_Dealing_Notification_-Woodland_Asset_Mgt_Ltd_No.2.pdf,Directors Dealings,NIGERIAN EXCHANGE GROUP PLC,NGXGROUP,2022-10-12T08:50:05Z,2022-10-12T08:50:05Z
2024-04-19T00:37:30Z,CUTIX PLC. DIRECTORS DEALINGS,https://doclib.ngxgroup.com/Financial_NewsDocs/48_Cutix_Plc_-_Notification_of_Share_Dealing_by_an_Insider.pdf,Directors Dealings,CUTIX PLC.,CUTIX,2022-10-06T13:15:05Z,2022-10-06T13:15:05Z
2024-04-19T00:37:30Z,VITAFOAM NIG PLC. DIRECTORS DEALINGS,https://doclib.ngxgroup.com/Financial_NewsDocs/191_VITAFOAM_NIG_PLC_INSIDER_DEALING.pdf,Directors Dealings,VITAFOAM NIG PLC.,VITAFOAM,2022-10-05T16:25:04Z,2022-10-05T16:25:04Z
2024-04-19T00:37:30Z,NIGERIAN AVIATION HANDLING COMPANY PLC DIRECTORS DEALINGS,https://doclib.ngxgroup.com/Financial_NewsDocs/114_NAHCO_PLC_-_Notification_of_Share_Dealing_by_Insider_-_S_L.pdf,Directors Dealings,NIGERIAN AVIATION HANDLING COMPANY PLC,NAHCO,2022-10-05T15:20:04Z,2022-10-05T15:20:04Z
2024-04-19T00:37:30Z,CUTIX PLC. DIRECTORS DEALINGS,https://doclib.ngxgroup.com/Financial_NewsDocs/48_Cutix_Plc_-_Notification_of_Share_Dealing_by_an_Insider_(35).pdf,Directors Dealings,CUTIX PLC.,CUTIX,2022-10-05T15:00:04Z,2022-10-05T15:00:04Z
2024-04-19T00:37:30Z,FBN HOLDINGS PLC DIRECTORS DEALINGS,https://doclib.ngxgroup.com/Financial_NewsDocs/65_Notification_of_Insider_Dealing_-_Ini_Ebong.pdf,Directors Dealings,FBN HOLDINGS PLC,FBNH,2022-10-05T14:55:04Z,2022-10-05T14:55:04Z
2024-04-19T00:37:30Z,ECOBANK TRANSNATIONAL INCORPORATED DIRECTORS DEALINGS,https://doclib.ngxgroup.com/Financial_NewsDocs/62_Insider_Dealings_05.pdf,Directors Dealings,ECOBANK TRANSNATIONAL INCORPORATED,ETI,2022-10-05T09:20:05Z,2022-10-05T09:20:05Z
2024-04-19T00:37:30Z,TRANSCORP HOTELS PLC DIRECTORS DEALINGS,https://doclib.ngxgroup.com/Financial_NewsDocs/206_Notification_of_Share_Dealing_by_Insiders_30.9.22.pdf,Directors Dealings,TRANSCORP HOTELS PLC,TRANSCOHOT,2022-10-04T17:46:27Z,2022-10-04T17:46:27Z
2024-04-19T00:37:30Z,ZENITH BANK PLC DIRECTORS DEALINGS,https://doclib.ngxgroup.com/Financial_NewsDocs/198_ZBPLC_Announcement_Notification_of_Shares_Insider_ZSPF_September30.pdf,Directors Dealings,ZENITH BANK PLC,ZENITHBANK,2022-10-02T14:45:06Z,2022-10-02T14:45:06Z
2024-04-19T00:37:30Z,NIGERIAN AVIATION HANDLING COMPANY PLC DIRECTORS DEALINGS,https://doclib.ngxgroup.com/Financial_NewsDocs/114_NAHCO_PLC_-_Notification_of_Share_Dealing_by_Insider_-_SL.pdf,Directors Dealings,NIGERIAN AVIATION HANDLING COMPANY PLC,NAHCO,2022-09-30T18:35:05Z,2022-09-30T18:35:05Z
2024-04-19T00:37:30Z,ZENITH BANK PLC DIRECTORS DEALINGS,https://doclib.ngxgroup.com/Financial_NewsDocs/198_ZBPLC_Announcement_Notification_of_Shares_Insider_ZSPF_September29.pdf,Directors Dealings,ZENITH BANK PLC,ZENITHBANK,2022-09-30T15:35:04Z,2022-09-30T15:35:04Z
2024-04-19T00:37:30Z,UNITED CAPITAL PLC DIRECTORS DEALINGS,https://doclib.ngxgroup.com/Financial_NewsDocs/176_NOTICE_OF_INSIDER_DEALING-_PURCHASE-_JANET_AGU_28_09_2022.pdf,Directors Dealings,UNITED CAPITAL PLC,UCAP,2022-09-30T07:38:09Z,2022-09-30T07:38:09Z
2024-04-19T00:37:30Z,ZENITH BANK PLC DIRECTORS DEALINGS,https://doclib.ngxgroup.com/Financial_NewsDocs/198_ZBPLC_Announcement_Notification_of_Shares_Insider_ZSPF_September28.pdf,Directors Dealings,ZENITH BANK PLC,ZENITHBANK,2022-09-29T14:15:04Z,2022-09-29T14:15:04Z
2024-04-19T00:37:30Z,CUTIX PLC. DIRECTORS DEALINGS,https://doclib.ngxgroup.com/Financial_NewsDocs/48_Cutix_Plc_-_Notification_of_Share_Dealing_by_an_Insider.pdf,Directors Dealings,CUTIX PLC.,CUTIX,2022-09-29T11:55:06Z,2022-09-29T11:55:06Z
2024-04-19T00:37:30Z,TRANSCORP HOTELS PLC DIRECTORS DEALINGS,https://doclib.ngxgroup.com/Financial_NewsDocs/206_Notification_of_Share_Dealing_Ms._Bolanle_Onagoruwa_September_28_2022.pdf,Directors Dealings,TRANSCORP HOTELS PLC,TRANSCOHOT,2022-09-28T21:00:04Z,2022-09-28T21:00:04Z
2024-04-19T00:37:30Z,ZENITH BANK PLC DIRECTORS DEALINGS,https://doclib.ngxgroup.com/Financial_NewsDocs/198_ZBPLC_Announcement_Notification_of_Shares_Insider_GMDCEO_Sept28.pdf,Directors Dealings,ZENITH BANK PLC,ZENITHBANK,2022-09-28T16:35:05Z,2022-09-28T16:35:05Z
2024-04-19T00:37:30Z,CUTIX PLC. DIRECTORS DEALINGS,https://doclib.ngxgroup.com/Financial_NewsDocs/48_Cutix_Plc_-_Notification_of_Share_Dealing_by_an_Insider.pdf,Directors Dealings,CUTIX PLC.,CUTIX,2022-09-28T13:40:05Z,2022-09-28T13:40:05Z
2024-04-19T00:37:30Z,NIGERIAN EXCHANGE GROUP PLC DIRECTORS DEALINGS,https://doclib.ngxgroup.com/Financial_NewsDocs/236_Share_Dealing_Notification_-_Miri_capital_2.pdf,Directors Dealings,NIGERIAN EXCHANGE GROUP PLC,NGXGROUP,2022-09-28T12:05:03Z,2022-09-28T12:05:03Z
2024-04-19T00:37:30Z,ZENITH BANK PLC DIRECTORS DEALINGS,https://doclib.ngxgroup.com/Financial_NewsDocs/198_ZBPLC_Announcement_Notification_of_Shares_Insider_zspf_September27.pdf,Directors Dealings,ZENITH BANK PLC,ZENITHBANK,2022-09-27T16:55:04Z,2022-09-27T16:55:04Z
2024-04-19T00:37:30Z,ZENITH BANK PLC DIRECTORS DEALINGS,https://doclib.ngxgroup.com/Financial_NewsDocs/198_ZBPLC_Announcement_Notification_of_Shares_Insider_ZSPF_September26.pdf,Directors Dealings,ZENITH BANK PLC,ZENITHBANK,2022-09-27T16:50:06Z,2022-09-27T16:50:06Z
2024-04-19T00:37:30Z,CUTIX PLC. DIRECTORS DEALINGS,https://doclib.ngxgroup.com/Financial_NewsDocs/48_Cutix_Plc_-_Notification_of_Share_Dealing_by_an_Insider.pdf,Directors Dealings,CUTIX PLC.,CUTIX,2022-09-27T13:56:05Z,2022-09-27T13:56:05Z
2024-04-19T00:37:30Z,NIGERIAN EXCHANGE GROUP PLC DIRECTORS DEALINGS,https://doclib.ngxgroup.com/Financial_NewsDocs/236_Share_Dealing_Notification_-Cardinal_Stone_(1).pdf,Directors Dealings,NIGERIAN EXCHANGE GROUP PLC,NGXGROUP,2022-09-27T13:15:03Z,2022-09-27T13:15:03Z
2024-04-19T00:37:30Z,NIGERIAN AVIATION HANDLING COMPANY PLC DIRECTORS DEALINGS,https://doclib.ngxgroup.com/Financial_NewsDocs/114_NAHCO_PLC_-_Notification_of_Share_Dealing_by_Insider_-SL.pdf,Directors Dealings,NIGERIAN AVIATION HANDLING COMPANY PLC,NAHCO,2022-09-27T12:10:05Z,2022-09-27T12:10:05Z
2024-04-19T00:37:30Z,CUTIX PLC. DIRECTORS DEALINGS,https://doclib.ngxgroup.com/Financial_NewsDocs/48_Cutix_Plc_-_Notification_of_Share_Dealing_by_an_Insider.pdf,Directors Dealings,CUTIX PLC.,CUTIX,2022-09-27T08:45:06Z,2022-09-27T08:45:06Z
2024-04-19T00:37:30Z,ECOBANK TRANSNATIONAL INCORPORATED DIRECTORS DEALINGS,https://doclib.ngxgroup.com/Financial_NewsDocs/62_Insider_Deaalings.pdf,Directors Dealings,ECOBANK TRANSNATIONAL INCORPORATED,ETI,2022-09-26T16:15:04Z,2022-09-26T16:15:04Z
2024-04-19T00:37:30Z,FBN HOLDINGS PLC DIRECTORS DEALINGS,https://doclib.ngxgroup.com/Financial_NewsDocs/65_Notification_of_Insider_Dealing_-_Oyewale_Ariyibi.pdf,Directors Dealings,FBN HOLDINGS PLC,FBNH,2022-09-23T21:20:04Z,2022-09-23T21:20:04Z
2024-04-19T00:37:30Z,FBN HOLDINGS PLC DIRECTORS DEALINGS,https://doclib.ngxgroup.com/Financial_NewsDocs/65_Notification_of_Insider_Dealing_-_Nnamdi_Okonkwo_.pdf,Directors Dealings,FBN HOLDINGS PLC,FBNH,2022-09-23T20:45:04Z,2022-09-23T20:45:04Z
2024-04-19T00:37:30Z,TRANSCORP HOTELS PLC DIRECTORS DEALINGS,https://doclib.ngxgroup.com/Financial_NewsDocs/206_Notification_of_Share_Dealing_Ms._Bolanle_Onagoruwa.pdf,Directors Dealings,TRANSCORP HOTELS PLC,TRANSCOHOT,2022-09-23T13:10:04Z,2022-09-23T13:10:04Z
2024-04-19T00:37:30Z,ZENITH BANK PLC DIRECTORS DEALINGS,https://doclib.ngxgroup.com/Financial_NewsDocs/198_ZBPLC_Announcement_Notification_of_Shares_Insider_ZSPF_2.pdf,Directors Dealings,ZENITH BANK PLC,ZENITHBANK,2022-09-23T08:05:12Z,2022-09-23T08:05:12Z
2024-04-19T00:37:30Z,ZENITH BANK PLC DIRECTORS DEALINGS,https://doclib.ngxgroup.com/Financial_NewsDocs/198_ZBPLC_Announcement_Notification_of_Shares_Insider_ZSPF.pdf,Directors Dealings,ZENITH BANK PLC,ZENITHBANK,2022-09-23T08:05:08Z,2022-09-23T08:05:08Z
2024-04-19T00:37:30Z,NIGERIAN AVIATION HANDLING COMPANY PLC DIRECTORS DEALINGS,https://doclib.ngxgroup.com/Financial_NewsDocs/114_NAHCO_PLC_-_Notification_of_Share_Dealing_by_Insider-_TMS.pdf,Directors Dealings,NIGERIAN AVIATION HANDLING COMPANY PLC,NAHCO,2022-09-22T17:20:04Z,2022-09-22T17:20:04Z
2024-04-19T00:37:30Z,CUTIX PLC. DIRECTORS DEALINGS,https://doclib.ngxgroup.com/Financial_NewsDocs/48_Cutix_Plc_-_Notification_of_Share_Dealing_by_an_Insider.pdf,Directors Dealings,CUTIX PLC.,CUTIX,2022-09-22T10:05:03Z,2022-09-22T10:05:03Z
2024-04-19T00:37:30Z,NESTLE NIGERIA PLC. DIRECTORS DEALINGS,https://doclib.ngxgroup.com/Financial_NewsDocs/121_PURCHASE_OF_SHARES_19092022.pdf,Directors Dealings,NESTLE NIGERIA PLC.,NESTLE,2022-09-21T18:45:03Z,2022-09-21T18:45:03Z
2024-04-19T00:37:30Z,ZENITH BANK PLC DIRECTORS DEALINGS,https://doclib.ngxgroup.com/Financial_NewsDocs/198_ZenithBankPlc_Announcement_Related_Party_Insider_Dealings.pdf,Directors Dealings,ZENITH BANK PLC,ZENITHBANK,2022-09-21T17:50:07Z,2022-09-21T17:50:07Z
2024-04-19T00:37:30Z,NIGERIAN AVIATION HANDLING COMPANY PLC DIRECTORS DEALINGS,https://doclib.ngxgroup.com/Financial_NewsDocs/114_NAHCO_PLC_-_Notification_of_Share_Dealing_by_Insider_-TMS.pdf,Directors Dealings,NIGERIAN AVIATION HANDLING COMPANY PLC,NAHCO,2022-09-19T15:55:03Z,2022-09-19T15:55:03Z
2024-04-19T00:37:30Z,NESTLE NIGERIA PLC. DIRECTORS DEALINGS,https://doclib.ngxgroup.com/Financial_NewsDocs/121_PURCHASE_OF_SHARES_14092022.pdf,Directors Dealings,NESTLE NIGERIA PLC.,NESTLE,2022-09-16T22:20:04Z,2022-09-16T22:20:04Z
2024-04-19T00:37:30Z,NIGERIAN AVIATION HANDLING COMPANY PLC DIRECTORS DEALINGS,https://doclib.ngxgroup.com/Financial_NewsDocs/114_NAHCO_PLC_-_Notification_of_Share_Dealing_by_Insider_-_TMS.pdf,Directors Dealings,NIGERIAN AVIATION HANDLING COMPANY PLC,NAHCO,2022-09-16T15:41:04Z,2022-09-16T15:41:04Z
2024-04-19T00:37:30Z,ETERNA PLC. DIRECTORS DEALINGS,https://doclib.ngxgroup.com/Financial_NewsDocs/61_ETERNA_PLC_-_NOTIFICATION_OF_DIRECTORS_DEALING.pdf,Directors Dealings,ETERNA PLC.,ETERNA,2022-09-14T17:35:05Z,2022-09-14T17:35:05Z
2024-04-19T00:37:30Z,UNITED CAPITAL PLC DIRECTORS DEALINGS,https://doclib.ngxgroup.com/Financial_NewsDocs/176_NOTICE_OF_INSIDER_DEALING-_SALE-_AYOOLUWA_MICHAEL_ASEWEJE_14_09_2022.pdf,Directors Dealings,UNITED CAPITAL PLC,UCAP,2022-09-14T17:20:05Z,2022-09-14T17:20:05Z
2024-04-19T00:37:30Z,ECOBANK TRANSNATIONAL INCORPORATED DIRECTORS DEALINGS,https://doclib.ngxgroup.com/Financial_NewsDocs/62_Notification_Insider.pdf,Directors Dealings,ECOBANK TRANSNATIONAL INCORPORATED,ETI,2022-09-14T16:30:03Z,2022-09-14T16:30:03Z
2024-04-19T00:37:30Z,UNITED CAPITAL PLC DIRECTORS DEALINGS,https://doclib.ngxgroup.com/Financial_NewsDocs/176_NOTICE_OF_INSIDER_DEALING-_PURCHASE-_MIRACLE_NNOROM_12_09_2022.pdf,Directors Dealings,UNITED CAPITAL PLC,UCAP,2022-09-12T17:50:04Z,2022-09-12T17:50:04Z
2024-04-19T00:37:30Z,UNITED CAPITAL PLC DIRECTORS DEALINGS,https://doclib.ngxgroup.com/Financial_NewsDocs/176_NOTICE_OF_INSIDER_DEALING-_PURCHASE-_MIRACLE_NNOROM_09_09_2022.pdf,Directors Dealings,UNITED CAPITAL PLC,UCAP,2022-09-12T17:40:05Z,2022-09-12T17:40:05Z
2024-04-19T00:37:30Z,NIGERIAN EXCHANGE GROUP PLC DIRECTORS DEALINGS,https://doclib.ngxgroup.com/Financial_NewsDocs/236_Share_Dealing_Notification_-Equity_Capital.pdf,Directors Dealings,NIGERIAN EXCHANGE GROUP PLC,NGXGROUP,2022-09-12T10:55:05Z,2022-09-12T10:55:05Z
2024-04-19T00:37:30Z,NESTLE NIGERIA PLC. DIRECTORS DEALINGS,https://doclib.ngxgroup.com/Financial_NewsDocs/121_PURCHASE_OF_SHARES_09092022.pdf,Directors Dealings,NESTLE NIGERIA PLC.,NESTLE,2022-09-09T17:50:04Z,2022-09-09T17:50:04Z
2024-04-19T00:37:30Z,NIGERIAN AVIATION HANDLING COMPANY PLC DIRECTORS DEALINGS,https://doclib.ngxgroup.com/Financial_NewsDocs/114_NAHCO_PLC_-_Notification_of_Share_Dealing_by_Insider_TMS.pdf,Directors Dealings,NIGERIAN AVIATION HANDLING COMPANY PLC,NAHCO,2022-09-09T10:05:04Z,2022-09-09T10:05:04Z
2024-04-19T00:37:30Z,FIDELITY BANK PLC DIRECTORS DEALINGS,https://doclib.ngxgroup.com/Financial_NewsDocs/67_INSIDER_DEALING-_MRS._NNEKA_ONYEALI-IKPE.pdf,Directors Dealings,FIDELITY BANK PLC,FIDELITYBK,2022-09-06T14:55:04Z,2022-09-06T14:55:04Z
2024-04-19T00:37:30Z,STERLING BANK PLC. DIRECTORS DEALINGS,https://doclib.ngxgroup.com/Financial_NewsDocs/163_NOTIFICATION_TO_EXCHANGE_ON_DIRECTORS_SHARES_-_MR._OWODEYI_(signed).pdf,Directors Dealings,STERLING BANK PLC.,STERLNBANK,2022-09-06T11:45:04Z,2022-09-06T11:45:04Z
2024-04-19T00:37:30Z,NIGERIAN EXCHANGE GROUP PLC DIRECTORS DEALINGS,https://doclib.ngxgroup.com/Financial_NewsDocs/236_Share_Dealing_Notification_-Woodland_Asset_Mgt_Ltd_MR.1_(002).pdf,Directors Dealings,NIGERIAN EXCHANGE GROUP PLC,NGXGROUP,2022-09-06T09:15:07Z,2022-09-06T09:15:07Z
2024-04-19T00:37:30Z,FIDELITY BANK PLC DIRECTORS DEALINGS,"https://doclib.ngxgroup.com/Financial_NewsDocs/67_NOTIFICATION_OF_INSIDER_DEALING-_NNEKA_ONYEALI-IKPE-_September_5,_2022_x.pdf",Directors Dealings,FIDELITY BANK PLC,FIDELITYBK,2022-09-05T10:25:04Z,2022-09-05T10:25:04Z
2024-04-19T00:37:30Z,FIDELITY BANK PLC DIRECTORS DEALINGS,https://doclib.ngxgroup.com/Financial_NewsDocs/67_NOTIFICATION_OF_INSIDER_DEALING-_CHIEF_NELSON_C._NWEKE-_2.pdf,Directors Dealings,FIDELITY BANK PLC,FIDELITYBK,2022-09-03T14:55:08Z,2022-09-03T14:55:08Z
2024-04-19T00:37:30Z,STERLING BANK PLC. DIRECTORS DEALINGS,https://doclib.ngxgroup.com/Financial_NewsDocs/163_NOTIFICATION_TO_EXCHANGE_ON_DIRECTORS_SHARES_-_MR._ADEOLA.pdf,Directors Dealings,STERLING BANK PLC.,STERLNBANK,2022-09-02T18:55:04Z,2022-09-02T18:55:04Z
2024-04-19T00:37:30Z,STERLING BANK PLC. DIRECTORS DEALINGS,https://doclib.ngxgroup.com/Financial_NewsDocs/163_NOTIFICATION_TO_EXCHANGE_ON_DIRECTORS_SHARES__(ABU).pdf,Directors Dealings,STERLING BANK PLC.,STERLNBANK,2022-09-02T18:45:04Z,2022-09-02T18:45:04Z
2024-04-19T00:37:30Z,STERLING BANK PLC. DIRECTORS DEALINGS,https://doclib.ngxgroup.com/Financial_NewsDocs/163_NOTIFICATION_TO_EXCHANGE_ON_DIRECTORS_SHARES_-_MR._ODUBIYI.pdf,Directors Dealings,STERLING BANK PLC.,STERLNBANK,2022-09-02T18:40:04Z,2022-09-02T18:40:04Z
2024-04-19T00:37:30Z,FIDELITY BANK PLC DIRECTORS DEALINGS,https://doclib.ngxgroup.com/Financial_NewsDocs/67_NOTIFICATION_OF_SHARE_DEALING-_CHIEF_NELSON_C._NWEKE_fnl.pdf,Directors Dealings,FIDELITY BANK PLC,FIDELITYBK,2022-09-02T13:10:04Z,2022-09-02T13:10:04Z
2024-04-19T00:37:30Z,ZENITH BANK PLC DIRECTORS DEALINGS,https://doclib.ngxgroup.com/Financial_NewsDocs/198_ZBPLC_Insider_Dealing_Quantum_Zenith_Securitiesn.pdf,Directors Dealings,ZENITH BANK PLC,ZENITHBANK,2022-09-01T19:00:05Z,2022-09-01T19:00:05Z
2024-04-19T00:37:30Z,NESTLE NIGERIA PLC. DIRECTORS DEALINGS,https://doclib.ngxgroup.com/Financial_NewsDocs/121_PURCHASE_OF_SHARES_01092022.pdf,Directors Dealings,NESTLE NIGERIA PLC.,NESTLE,2022-09-01T18:05:04Z,2022-09-01T18:05:04Z
2024-04-19T00:37:30Z,NIGERIAN AVIATION HANDLING COMPANY PLC DIRECTORS DEALINGS,https://doclib.ngxgroup.com/Financial_NewsDocs/114_NAHCO_PLC_-_Notification_of_Share_Dealing_by_Insider__TMS.pdf,Directors Dealings,NIGERIAN AVIATION HANDLING COMPANY PLC,NAHCO,2022-09-01T16:40:03Z,2022-09-01T16:40:03Z
2024-04-19T00:37:30Z,UNITED CAPITAL PLC DIRECTORS DEALINGS,https://doclib.ngxgroup.com/Financial_NewsDocs/176_NOTICE_OF_INSIDER_DEALING-SALE_CHUKWUDI_CHRISTIAN_NNOROM_29_08_2022.pdf,Directors Dealings,UNITED CAPITAL PLC,UCAP,2022-08-30T10:55:05Z,2022-08-30T10:55:05Z
2024-04-19T00:37:30Z,STANBIC IBTC  HOLDINGS PLC DIRECTORS DEALINGS,https://doclib.ngxgroup.com/Financial_NewsDocs/160_Notification_of_Insider_Dealing_-29_August_2022_-_Mrs_Olufunke_Amobi.pdf,Directors Dealings,STANBIC IBTC  HOLDINGS PLC,STANBIC,2022-08-29T11:50:04Z,2022-08-29T11:50:04Z
2024-04-19T00:37:30Z,NESTLE NIGERIA PLC. DIRECTORS DEALINGS,https://doclib.ngxgroup.com/Financial_NewsDocs/121_PURCHASE_OF_SHARES_26082022.pdf,Directors Dealings,NESTLE NIGERIA PLC.,NESTLE,2022-08-26T18:05:03Z,2022-08-26T18:05:03Z
2024-04-19T00:37:30Z,UNITED CAPITAL PLC DIRECTORS DEALINGS,https://doclib.ngxgroup.com/Financial_NewsDocs/176_NOTICE_OF_INSIDER_DEALING-_PURCHASE-_PRINCESS_NNOROM_24_08_2022.pdf,Directors Dealings,UNITED CAPITAL PLC,UCAP,2022-08-25T18:15:10Z,2022-08-25T18:15:10Z
2024-04-19T00:37:30Z,E-TRANZACT INTERNATIONAL PLC DIRECTORS DEALINGS,https://doclib.ngxgroup.com/Financial_NewsDocs/63_eTRANZACT_INTERNATIONAL_PLC_-_NOTIFICATION_OF_TRADE_.pdf,Directors Dealings,E-TRANZACT INTERNATIONAL PLC,ETRANZACT,2022-08-25T18:15:05Z,2022-08-25T18:15:05Z
2024-04-19T00:37:30Z,NESTLE NIGERIA PLC. DIRECTORS DEALINGS,https://doclib.ngxgroup.com/Financial_NewsDocs/121_PURCHASE_OF_SHARES_24082022.pdf,Directors Dealings,NESTLE NIGERIA PLC.,NESTLE,2022-08-24T15:55:04Z,2022-08-24T15:55:04Z
2024-04-19T00:37:30Z,LIVINGTRUST MORTGAGE BANK PLC DIRECTORS DEALINGS,"https://doclib.ngxgroup.com/Financial_NewsDocs/205_LivingTrust_-_Dealing_Notification_August_19_2022_-_360,000_Units.pdf",Directors Dealings,LIVINGTRUST MORTGAGE BANK PLC,LIVINGTRUST,2022-08-24T12:25:04Z,2022-08-24T12:25:04Z
2024-04-19T00:37:30Z,NIGERIAN AVIATION HANDLING COMPANY PLC DIRECTORS DEALINGS,https://doclib.ngxgroup.com/Financial_NewsDocs/114_NAHCO_PLC_-_Notification_of_Share_Dealing_by_Insider_TMS_1.pdf,Directors Dealings,NIGERIAN AVIATION HANDLING COMPANY PLC,NAHCO,2022-08-24T10:50:06Z,2022-08-24T10:50:06Z
2024-04-19T00:37:30Z,E-TRANZACT INTERNATIONAL PLC DIRECTORS DEALINGS,https://doclib.ngxgroup.com/Financial_NewsDocs/63_eTRANZACT_INTERNATIONAL_PLC_-_NOTIFICATION_OF_TRADE.pdf,Directors Dealings,E-TRANZACT INTERNATIONAL PLC,ETRANZACT,2022-08-23T17:20:06Z,2022-08-23T17:20:06Z
2024-04-19T00:37:30Z,FBN HOLDINGS PLC DIRECTORS DEALINGS,https://doclib.ngxgroup.com/Financial_NewsDocs/65_Notification_of_Insider_Dealing_Nnamdi_Okonkwo.pdf,Directors Dealings,FBN HOLDINGS PLC,FBNH,2022-08-22T16:20:05Z,2022-08-22T16:20:05Z
2024-04-19T00:37:30Z,RED STAR EXPRESS PLC DIRECTORS DEALINGS,https://doclib.ngxgroup.com/Financial_NewsDocs/146_DIRECTORS_DEALING_-_9TH_AUGUST_2022.pdf,Directors Dealings,RED STAR EXPRESS PLC,REDSTAREX,2022-08-22T08:05:07Z,2022-08-22T08:05:07Z
2024-04-19T00:37:30Z,NESTLE NIGERIA PLC. DIRECTORS DEALINGS,https://doclib.ngxgroup.com/Financial_NewsDocs/121_PURCHASE_OF_SHARES_19082022.pdf,Directors Dealings,NESTLE NIGERIA PLC.,NESTLE,2022-08-19T16:20:04Z,2022-08-19T16:20:04Z
2024-04-19T00:37:30Z,LIVINGTRUST MORTGAGE BANK PLC DIRECTORS DEALINGS,"https://doclib.ngxgroup.com/Financial_NewsDocs/205_LivingTrust_-_Dealing_Notification_August_18_2022_-_31,603_Units.pdf",Directors Dealings,LIVINGTRUST MORTGAGE BANK PLC,LIVINGTRUST,2022-08-19T07:40:03Z,2022-08-19T07:40:03Z
2024-04-19T00:37:30Z,RED STAR EXPRESS PLC DIRECTORS DEALINGS,https://doclib.ngxgroup.com/Financial_NewsDocs/146_DIRECTORS_DEALING_-_18TH_AUGUST_2022.pdf,Directors Dealings,RED STAR EXPRESS PLC,REDSTAREX,2022-08-18T15:55:09Z,2022-08-18T15:55:09Z
2024-04-19T00:37:30Z,RED STAR EXPRESS PLC DIRECTORS DEALINGS,https://doclib.ngxgroup.com/Financial_NewsDocs/146_DIRECTORS_DEALING_-_17TH_AUGUST_2022.pdf,Directors Dealings,RED STAR EXPRESS PLC,REDSTAREX,2022-08-18T15:55:04Z,2022-08-18T15:55:04Z
2024-04-19T00:37:30Z,NIGERIAN AVIATION HANDLING COMPANY PLC DIRECTORS DEALINGS,https://doclib.ngxgroup.com/Financial_NewsDocs/114_NAHCO_PLC_-_Notification_of_Share_Dealing_by_Insider_EA_(002).pdf,Directors Dealings,NIGERIAN AVIATION HANDLING COMPANY PLC,NAHCO,2022-08-17T19:55:03Z,2022-08-17T19:55:03Z
2024-04-19T00:37:30Z,NIGERIAN AVIATION HANDLING COMPANY PLC DIRECTORS DEALINGS,https://doclib.ngxgroup.com/Financial_NewsDocs/114_NAHCO_PLC_-_Notification_of_Share_Dealing_by_Insider_TMS.pdf,Directors Dealings,NIGERIAN AVIATION HANDLING COMPANY PLC,NAHCO,2022-08-17T19:50:04Z,2022-08-17T19:50:04Z
2024-04-19T00:37:30Z,NESTLE NIGERIA PLC. DIRECTORS DEALINGS,https://doclib.ngxgroup.com/Financial_NewsDocs/121_PURCHASE_OF_SHARES_17082022.pdf,Directors Dealings,NESTLE NIGERIA PLC.,NESTLE,2022-08-17T15:35:04Z,2022-08-17T15:35:04Z
2024-04-19T00:37:30Z,LIVINGTRUST MORTGAGE BANK PLC DIRECTORS DEALINGS,"https://doclib.ngxgroup.com/Financial_NewsDocs/205_LivingTrust_-_Dealing_Notification_August_11_2022_-_830,042_Units.pdf",Directors Dealings,LIVINGTRUST MORTGAGE BANK PLC,LIVINGTRUST,2022-08-16T14:50:03Z,2022-08-16T14:50:03Z
2024-04-19T00:37:30Z,LIVINGTRUST MORTGAGE BANK PLC DIRECTORS DEALINGS,"https://doclib.ngxgroup.com/Financial_NewsDocs/205_LivingTrust_-_Dealing_Notification_August_11_2022_-_351,300_Units.pdf",Directors Dealings,LIVINGTRUST MORTGAGE BANK PLC,LIVINGTRUST,2022-08-16T09:15:05Z,2022-08-16T09:15:05Z
2024-04-19T00:37:30Z,NIGERIAN AVIATION HANDLING COMPANY PLC DIRECTORS DEALINGS,https://doclib.ngxgroup.com/Financial_NewsDocs/114_NAHCO_PLC_-_Notification_of_Share_Dealing_by_Insider_EA.pdf,Directors Dealings,NIGERIAN AVIATION HANDLING COMPANY PLC,NAHCO,2022-08-15T16:45:03Z,2022-08-15T16:45:03Z
2024-04-19T00:37:30Z,NIGERIAN AVIATION HANDLING COMPANY PLC DIRECTORS DEALINGS,https://doclib.ngxgroup.com/Financial_NewsDocs/114_NAHCO_PLC_-_Notification_of_Share_Dealing_by_Insider_S_L.pdf,Directors Dealings,NIGERIAN AVIATION HANDLING COMPANY PLC,NAHCO,2022-08-15T16:40:03Z,2022-08-15T16:40:03Z
2024-04-19T00:37:30Z,NIGERIAN EXCHANGE GROUP PLC DIRECTORS DEALINGS,https://doclib.ngxgroup.com/Financial_NewsDocs/236_Insider_Dealing_Notification_-_Miri_Capital.pdf,Directors Dealings,NIGERIAN EXCHANGE GROUP PLC,NGXGROUP,2022-08-15T16:20:03Z,2022-08-15T16:20:03Z
2024-04-19T00:37:30Z,NIGERIAN AVIATION HANDLING COMPANY PLC DIRECTORS DEALINGS,https://doclib.ngxgroup.com/Financial_NewsDocs/114_NAHCO_PLC_-_Notification_of_Share_Dealing_by_Insider_AF.pdf,Directors Dealings,NIGERIAN AVIATION HANDLING COMPANY PLC,NAHCO,2022-08-15T14:45:04Z,2022-08-15T14:45:04Z
2024-04-19T00:37:30Z,RED STAR EXPRESS PLC DIRECTORS DEALINGS,https://doclib.ngxgroup.com/Financial_NewsDocs/146_DIRECTORS_DEALING_-_12TH_AUGUST_2022.pdf,Directors Dealings,RED STAR EXPRESS PLC,REDSTAREX,2022-08-12T16:35:08Z,2022-08-12T16:35:08Z
2024-04-19T00:37:30Z,RED STAR EXPRESS PLC DIRECTORS DEALINGS,https://doclib.ngxgroup.com/Financial_NewsDocs/146_DIRECTORS_DEALING_-_11TH_AUGUST_2022.pdf,Directors Dealings,RED STAR EXPRESS PLC,REDSTAREX,2022-08-12T16:35:04Z,2022-08-12T16:35:04Z
2024-04-19T00:37:30Z,RED STAR EXPRESS PLC DIRECTORS DEALINGS,https://doclib.ngxgroup.com/Financial_NewsDocs/146_DIRECTORS_DEALING_-_10TH_AUGUST_2022.pdf,Directors Dealings,RED STAR EXPRESS PLC,REDSTAREX,2022-08-12T16:30:04Z,2022-08-12T16:30:04Z
2024-04-19T00:37:30Z,ELLAH LAKES PLC. DIRECTORS DEALINGS,https://doclib.ngxgroup.com/Financial_NewsDocs/58_Ellah_Lakes_-_Notification_of_Insider_Dealing_(10_Aug_2022).pdf,Directors Dealings,ELLAH LAKES PLC.,ELLAHLAKES,2022-08-10T18:05:04Z,2022-08-10T18:05:04Z
2024-04-19T00:37:30Z,NIGERIAN BREWERIES PLC. DIRECTORS DEALINGS,https://doclib.ngxgroup.com/Financial_NewsDocs/116_Notification_of_Share_Dealing-_Rob_Kleinjan.pdf,Directors Dealings,NIGERIAN BREWERIES PLC.,NB Plc,2022-08-10T11:35:03Z,2022-08-10T11:35:03Z
2024-04-19T00:37:30Z,NIGERIAN AVIATION HANDLING COMPANY PLC DIRECTORS DEALINGS,https://doclib.ngxgroup.com/Financial_NewsDocs/114_NAHCO_PLC_-_Notification_of_Share_Dealing_by_Insider_F.pdf,Directors Dealings,NIGERIAN AVIATION HANDLING COMPANY PLC,NAHCO,2022-08-10T09:45:04Z,2022-08-10T09:45:04Z
2024-04-19T00:37:30Z,LIVINGTRUST MORTGAGE BANK PLC DIRECTORS DEALINGS,"https://doclib.ngxgroup.com/Financial_NewsDocs/205_LivingTrust_-_Dealing_Notification_August_8_2022_-_831,350_Units.pdf",Directors Dealings,LIVINGTRUST MORTGAGE BANK PLC,LIVINGTRUST,2022-08-09T09:10:04Z,2022-08-09T09:10:04Z
2024-04-19T00:37:30Z,BUA FOODS PLC DIRECTORS DEALINGS,https://doclib.ngxgroup.com/Financial_NewsDocs/238_DIRECTORS_DEALINGS_NOTIFICATION_FOR_CHIMAOBI_MADUKWE.pdf,Directors Dealings,BUA FOODS PLC,BUAFOODS,2022-08-08T15:45:05Z,2022-08-08T15:45:05Z
2024-04-19T00:37:30Z,NESTLE NIGERIA PLC. DIRECTORS DEALINGS,https://doclib.ngxgroup.com/Financial_NewsDocs/121_PURCHASE_OF_SHARES_-.pdf,Directors Dealings,NESTLE NIGERIA PLC.,NESTLE,2022-08-06T16:00:04Z,2022-08-06T16:00:04Z
2024-04-19T00:37:30Z,RED STAR EXPRESS PLC DIRECTORS DEALINGS,https://doclib.ngxgroup.com/Financial_NewsDocs/146_DIRECTORS_DEALING_-_3RD_AUGUST_2022.pdf,Directors Dealings,RED STAR EXPRESS PLC,REDSTAREX,2022-08-05T17:15:04Z,2022-08-05T17:15:04Z
2024-04-19T00:37:30Z,RED STAR EXPRESS PLC DIRECTORS DEALINGS,https://doclib.ngxgroup.com/Financial_NewsDocs/146_DIRECTORS_DEALING_-_2ND_AUGUST.pdf,Directors Dealings,RED STAR EXPRESS PLC,REDSTAREX,2022-08-05T17:10:06Z,2022-08-05T17:10:06Z
2024-04-19T00:37:30Z,UNITED CAPITAL PLC DIRECTORS DEALINGS,https://doclib.ngxgroup.com/Financial_NewsDocs/176_NOTICE_OF_INSIDER_DEALING-PURCHASE_-JANET_AGU_04_08_2022.pdf,Directors Dealings,UNITED CAPITAL PLC,UCAP,2022-08-05T14:35:04Z,2022-08-05T14:35:04Z
2024-04-19T00:37:30Z,UNITED CAPITAL PLC DIRECTORS DEALINGS,https://doclib.ngxgroup.com/Financial_NewsDocs/176_NOTICE_OF_INSIDER_DEALING-SALE_-_SHEDRACK_ONAKPOMA_04_08_2022.pdf,Directors Dealings,UNITED CAPITAL PLC,UCAP,2022-08-05T14:20:04Z,2022-08-05T14:20:04Z
2024-04-19T00:37:30Z,LIVINGTRUST MORTGAGE BANK PLC DIRECTORS DEALINGS,"https://doclib.ngxgroup.com/Financial_NewsDocs/205_LivingTrust_-_Dealing_Notification_August_3_2022_-_167,000_Units.pdf",Directors Dealings,LIVINGTRUST MORTGAGE BANK PLC,LIVINGTRUST,2022-08-04T14:50:04Z,2022-08-04T14:50:04Z
2024-04-19T00:37:30Z,RED STAR EXPRESS PLC DIRECTORS DEALINGS,https://doclib.ngxgroup.com/Financial_NewsDocs/146_DIRECTORS_DEALING.pdf,Directors Dealings,RED STAR EXPRESS PLC,REDSTAREX,2022-08-04T11:31:05Z,2022-08-04T11:31:05Z
2024-04-19T00:37:30Z,UNITED CAPITAL PLC DIRECTORS DEALINGS,https://doclib.ngxgroup.com/Financial_NewsDocs/176_NOTICE_OF_INSIDER_DEALING-_SALE-_LOUIS_OGHENEKOME_AKPOVESO-3.08.22.pdf,Directors Dealings,UNITED CAPITAL PLC,UCAP,2022-08-04T10:45:04Z,2022-08-04T10:45:04Z
2024-04-19T00:37:30Z,NIGERIAN BREWERIES PLC. DIRECTORS DEALINGS,https://doclib.ngxgroup.com/Financial_NewsDocs/116_Notification_of_Share_Dealing-_Aroyewun_Adeyinka_Ololade.pdf,Directors Dealings,NIGERIAN BREWERIES PLC.,NB Plc,2022-08-04T10:15:04Z,2022-08-04T10:15:04Z
2024-04-19T00:37:30Z,LIVINGTRUST MORTGAGE BANK PLC DIRECTORS DEALINGS,"https://doclib.ngxgroup.com/Financial_NewsDocs/205_LivingTrust_-_Dealing_Notification_August_2_2022_-_597,000_Units.pdf",Directors Dealings,LIVINGTRUST MORTGAGE BANK PLC,LIVINGTRUST,2022-08-03T15:00:03Z,2022-08-03T15:00:03Z
2024-04-19T00:37:30Z,LIVINGTRUST MORTGAGE BANK PLC DIRECTORS DEALINGS,"https://doclib.ngxgroup.com/Financial_NewsDocs/205_LivingTrust_-_Dealing_Notification_July_29_2022_-_50,000,000_Units.pdf",Directors Dealings,LIVINGTRUST MORTGAGE BANK PLC,LIVINGTRUST,2022-08-03T14:50:04Z,2022-08-03T14:50:04Z
2024-04-19T00:37:30Z,NIGERIAN AVIATION HANDLING COMPANY PLC DIRECTORS DEALINGS,https://doclib.ngxgroup.com/Financial_NewsDocs/114_NAHCO_PLC_-_notification_of_Share_Dealing_by_Insider_2_TS.pdf,Directors Dealings,NIGERIAN AVIATION HANDLING COMPANY PLC,NAHCO,2022-08-03T14:05:04Z,2022-08-03T14:05:04Z
2024-04-19T00:37:30Z,NIGERIAN AVIATION HANDLING COMPANY PLC DIRECTORS DEALINGS,https://doclib.ngxgroup.com/Financial_NewsDocs/114_NAHCO_PLC_-_Notification_of_Share_Dealing_by_Insider_TS.pdf,Directors Dealings,NIGERIAN AVIATION HANDLING COMPANY PLC,NAHCO,2022-08-02T16:50:04Z,2022-08-02T16:50:04Z
2024-04-19T00:37:30Z,ECOBANK TRANSNATIONAL INCORPORATED DIRECTORS DEALINGS,https://doclib.ngxgroup.com/Financial_NewsDocs/62_Enko_Disclosure.pdf,Directors Dealings,ECOBANK TRANSNATIONAL INCORPORATED,ETI,2022-07-30T18:50:04Z,2022-07-30T18:50:04Z
2024-04-19T00:37:30Z,ECOBANK TRANSNATIONAL INCORPORATED DIRECTORS DEALINGS,https://doclib.ngxgroup.com/Financial_NewsDocs/62_Nkontchou_disclosure.pdf,Directors Dealings,ECOBANK TRANSNATIONAL INCORPORATED,ETI,2022-07-29T18:35:05Z,2022-07-29T18:35:05Z
2024-04-19T00:37:30Z,RED STAR EXPRESS PLC DIRECTORS DEALINGS,https://doclib.ngxgroup.com/Financial_NewsDocs/146_NOTICE_OF_INSIDER_DEALING.pdf,Directors Dealings,RED STAR EXPRESS PLC,REDSTAREX,2022-07-29T16:55:05Z,2022-07-29T16:55:05Z
2024-04-19T00:37:30Z,RED STAR EXPRESS PLC DIRECTORS DEALINGS,https://doclib.ngxgroup.com/Financial_NewsDocs/146_NOTICE_OF_INSIDER_DEALING.pdf,Directors Dealings,RED STAR EXPRESS PLC,REDSTAREX,2022-07-29T12:10:04Z,2022-07-29T12:10:04Z
2024-04-19T00:37:30Z,LIVINGTRUST MORTGAGE BANK PLC DIRECTORS DEALINGS,"https://doclib.ngxgroup.com/Financial_NewsDocs/205_LivingTrust_-_Dealing_Notification_July_21_2022_-_49,909,090_Units.pdf",Directors Dealings,LIVINGTRUST MORTGAGE BANK PLC,LIVINGTRUST,2022-07-25T10:55:03Z,2022-07-25T10:55:03Z
2024-04-19T00:37:30Z,UNITED CAPITAL PLC DIRECTORS DEALINGS,https://doclib.ngxgroup.com/Financial_NewsDocs/176_NOTICE_OF_INSIDER_DEALING-_PURCHASE-_ELIZABETH_YAKUBU_20.07.2022.pdf,Directors Dealings,UNITED CAPITAL PLC,UCAP,2022-07-22T09:15:03Z,2022-07-22T09:15:03Z
2024-04-19T00:37:30Z,MCNICHOLS CONSOLIDATED PLC DIRECTORS DEALINGS,https://doclib.ngxgroup.com/Financial_NewsDocs/106_MCNICHOLS_SHARE_SALE_NOTIFICATION_IJEOMAA_30062022_NGX.pdf,Directors Dealings,MCNICHOLS CONSOLIDATED PLC,MCNICHOLS,2022-07-04T09:45:05Z,2022-07-04T09:45:05Z
